Man_For_Mars,保密 ,142小时21分,,775,这位同学很懒木有签名的说～,1,,http://img.mukewang.com/53a5613c000185d301800180-200-200.jpg,http://www.imooc.com/u/200000
（路明）业务员施宇, 男 , 7分,,20,这位同学很懒木有签名的说～,1,,http://img.mukewang.com/53a5616a0001eb8001000100-200-200.jpg,http://www.imooc.com/u/200001
胡莎莎,保密 , 0分,,,这位同学很懒木有签名的说～,1,,http://img.mukewang.com/533e4d850001c10602000200-200-200.jpg,http://www.imooc.com/u/200002
好多好多,保密 , 0分,,,这位同学很懒木有签名的说～,1,,http://img.mukewang.com/533e564d0001308602000200-200-200.jpg,http://www.imooc.com/u/200003
哼哼,保密 , 0分,,,这位同学很懒木有签名的说～,1,,http://img.mukewang.com/533e4c2300012ab002200220-200-200.jpg,http://www.imooc.com/u/200004
带你回忆的回忆,保密 , 0分,,,这位同学很懒木有签名的说～,1,,http://img.mukewang.com/533e52b90001456f02000200-200-200.jpg,http://www.imooc.com/u/200005
老师坏人,保密 , 0分,,,这位同学很懒木有签名的说～,1,,http://img.mukewang.com/5333a0aa000121d702000200-200-200.jpg,http://www.imooc.com/u/200006
如今的你怎么样,保密 , 0分,,,这位同学很懒木有签名的说～,1,,http://img.mukewang.com/533e4cc800016ffd02200220-200-200.jpg,http://www.imooc.com/u/200007
奋斗的人儿,保密 , 0分,,,这位同学很懒木有签名的说～,1,,http://img.mukewang.com/533e4d3d0001ed7802000200-200-200.jpg,http://www.imooc.com/u/200008
母猪都会上树,保密 , 0分,,,这位同学很懒木有签名的说～,1,,http://img.mukewang.com/533e4bec0001ae5302000200-200-200.jpg,http://www.imooc.com/u/200009
性感不是骚,保密 , 0分,,,这位同学很懒木有签名的说～,1,,http://img.mukewang.com/5333a1d100010c2602000200-200-200.jpg,http://www.imooc.com/u/200010
q0621184934, 男 , 0分,,,这位同学很懒木有签名的说～,1,,http://img.mukewang.com/53a5633e0001115601000100-200-200.jpg,http://www.imooc.com/u/200011
守候着最后一片星辰, 男 , 2分,,,这位同学很懒木有签名的说～,1,,http://img.mukewang.com/53a5633e0001e09d01000100-200-200.jpg,http://www.imooc.com/u/200012
尚观VaVa, 男 , 1小时31分,,30,这位同学很懒木有签名的说～,1,,http://img.mukewang.com/53a5634a0001d60f01000100-200-200.jpg,http://www.imooc.com/u/200013
长腿妹妹,保密 , 0分,,,这位同学很懒木有签名的说～,1,,http://img.mukewang.com/533e4cc800016ffd02200220-200-200.jpg,http://www.imooc.com/u/200014
胖了个去, 男 ,34小时46分,,530,这位同学很懒木有签名的说～,1,,http://img.mukewang.com/53a56351000148da01800180-200-200.jpg,http://www.imooc.com/u/200015
天空中的棉花寂寞了谁的心灵,保密 , 0分,,,这位同学很懒木有签名的说～,1,,http://img.mukewang.com/533e4cf4000151f602000200-200-200.jpg,http://www.imooc.com/u/200016
van▪cleef, 男 ,266小时46分,,6583,这位同学很懒木有签名的说～,1,,http://img.mukewang.com/53a563d100017fc101000100-200-200.jpg,http://www.imooc.com/u/200017
橱窗里的童话,保密 , 0分,,,这位同学很懒木有签名的说～,1,,http://img.mukewang.com/5333a1360001954902000200-200-200.jpg,http://www.imooc.com/u/200018
麻蛋,保密 , 0分,,,这位同学很懒木有签名的说～,1,,http://img.mukewang.com/5333a2750001728602200220-200-200.jpg,http://www.imooc.com/u/200019
需要都来不及,保密 , 0分,,,这位同学很懒木有签名的说～,1,,http://img.mukewang.com/533e4d850001c10602000200-200-200.jpg,http://www.imooc.com/u/200020
王泥煤,保密 , 0分,,,这位同学很懒木有签名的说～,1,,http://img.mukewang.com/5333a1360001954902000200-200-200.jpg,http://www.imooc.com/u/200021
咋见,保密 , 0分,,,这位同学很懒木有签名的说～,1,,http://img.mukewang.com/533e4cc800016ffd02200220-200-200.jpg,http://www.imooc.com/u/200022
夏天又悄悄过去,保密 , 0分,,,这位同学很懒木有签名的说～,1,,http://img.mukewang.com/5333a2b70001a5a802000200-200-200.jpg,http://www.imooc.com/u/200023
你带给的快乐,保密 , 0分,,,这位同学很懒木有签名的说～,1,,http://img.mukewang.com/5333a0c40001088802000200-200-200.jpg,http://www.imooc.com/u/200024
葛沛沛,保密 , 0分,,,这位同学很懒木有签名的说～,1,,http://img.mukewang.com/533e4d5b0001d57502200203-200-200.jpg,http://www.imooc.com/u/200025
终于看开爱回不来,保密 , 0分,,,这位同学很懒木有签名的说～,1,,http://img.mukewang.com/5333a17a0001592502000200-200-200.jpg,http://www.imooc.com/u/200026
米老鸭110, 男 , 3小时27分,,335,这位同学很懒木有签名的说～,1,,http://img.mukewang.com/53a564e500015d2404800480-200-200.jpg,http://www.imooc.com/u/200027
浪漫的一个你,保密 , 0分,,,这位同学很懒木有签名的说～,1,,http://img.mukewang.com/5333a207000118af02200220-200-200.jpg,http://www.imooc.com/u/200028
哭着求着我回来,保密 , 0分,,,这位同学很懒木有签名的说～,1,,http://img.mukewang.com/533e4d660001312002000200-200-200.jpg,http://www.imooc.com/u/200029
一点一滴的回忆着,保密 , 0分,,,这位同学很懒木有签名的说～,1,,http://img.mukewang.com/533e4c1500010baf02200220-200-200.jpg,http://www.imooc.com/u/200030
槑_0002, 男 , 2分,,,这位同学很懒木有签名的说～,1,,http://img.mukewang.com/53a5658d0001139801000100-200-200.jpg,http://www.imooc.com/u/200031
q0621190057, 男 , 3小时54分,,285,这位同学很懒木有签名的说～,1,,http://img.mukewang.com/53a565e90001115601000100-200-200.jpg,http://www.imooc.com/u/200032
只想和你在一起,保密 , 0分,,,这位同学很懒木有签名的说～,1,,http://img.mukewang.com/533e4c640001354402000200-200-200.jpg,http://www.imooc.com/u/200033
圣诞节,保密 , 0分,,,这位同学很懒木有签名的说～,1,,http://img.mukewang.com/533e51f30001edf702000200-200-200.jpg,http://www.imooc.com/u/200034
春光喜气,保密 , 0分,,,这位同学很懒木有签名的说～,1,,http://img.mukewang.com/5333a2a10001064f02000200-200-200.jpg,http://www.imooc.com/u/200035
user200036, 男 , 3分,,10,这位同学很懒木有签名的说～,1,,http://img.mukewang.com/53a566630001115601000100-200-200.jpg,http://www.imooc.com/u/200036
锁住关于你的一切,保密 , 0分,,,这位同学很懒木有签名的说～,1,,http://img.mukewang.com/5333a2d100019c1d02000200-200-200.jpg,http://www.imooc.com/u/200037
并蒂的马蹄莲,女,19分,,70,这位同学很懒木有签名的说～,1,,http://img.mukewang.com/53a5666f0001dc4401800180-200-200.jpg,http://www.imooc.com/u/200038
速度与激情,保密 , 0分,,,这位同学很懒木有签名的说～,1,,http://img.mukewang.com/533e51840001ca2502000200-200-200.jpg,http://www.imooc.com/u/200039
梦想总是那么遥不可及,保密 , 0分,,,这位同学很懒木有签名的说～,1,,http://img.mukewang.com/533e4cde000148e602000200-200-200.jpg,http://www.imooc.com/u/200040
步步难做,保密 , 0分,,,这位同学很懒木有签名的说～,1,,http://img.mukewang.com/5333a207000118af02200220-200-200.jpg,http://www.imooc.com/u/200041
3654729479,保密 , 0分,,,这位同学很懒木有签名的说～,1,,http://img.mukewang.com/533e4d710001322402000200-200-200.jpg,http://www.imooc.com/u/200042
奶牛沙豆绿, 男 , 8小时17分,,,这位同学很懒木有签名的说～,1,,http://img.mukewang.com/53a566bb0001a5cc01000100-200-200.jpg,http://www.imooc.com/u/200043
放飞的风筝_0001,保密 , 0分,,,这位同学很懒木有签名的说～,1,,http://img.mukewang.com/533e4c420001b2e502000200-200-200.jpg,http://www.imooc.com/u/200044
瞬间吓尿,保密 , 0分,,,这位同学很懒木有签名的说～,1,,http://img.mukewang.com/5333a154000110c002200220-200-200.jpg,http://www.imooc.com/u/200045
天空满天星星,保密 , 0分,,,这位同学很懒木有签名的说～,1,,http://img.mukewang.com/5333a0d9000196ff02000200-200-200.jpg,http://www.imooc.com/u/200046
我知道怎么说我就怎么说了,保密 , 0分,,,这位同学很懒木有签名的说～,1,,http://img.mukewang.com/5333a1bc00014e8302000200-200-200.jpg,http://www.imooc.com/u/200047
在半路回头,保密 , 0分,,,这位同学很懒木有签名的说～,1,,http://img.mukewang.com/533e4d5b0001d57502200203-200-200.jpg,http://www.imooc.com/u/200048
淡了谈了飞了,保密 , 0分,,,这位同学很懒木有签名的说～,1,,http://img.mukewang.com/5333a0c40001088802000200-200-200.jpg,http://www.imooc.com/u/200049
梧桐树_0001, 男 ,20分,,25,这位同学很懒木有签名的说～,1,,http://img.mukewang.com/53a5677a0001e6cc01000100-200-200.jpg,http://www.imooc.com/u/200050
越长大越孤单_0001,保密 , 0分,,,这位同学很懒木有签名的说～,1,,http://img.mukewang.com/533e4cc800016ffd02200220-200-200.jpg,http://www.imooc.com/u/200051
天突然偷偷的亮了,保密 , 0分,,,这位同学很懒木有签名的说～,1,,http://img.mukewang.com/533e4cf4000151f602000200-200-200.jpg,http://www.imooc.com/u/200052
汪洋中的狼,保密 ,18分,,10,这位同学很懒木有签名的说～,1,,http://img.mukewang.com/533e4d00000171e602000200-200-200.jpg,http://www.imooc.com/u/200053
我终于真的失去了,保密 , 0分,,,这位同学很懒木有签名的说～,1,,http://img.mukewang.com/5333a10b000190e402200220-200-200.jpg,http://www.imooc.com/u/200054
娃哈哈代言人,保密 , 0分,,,这位同学很懒木有签名的说～,1,,http://img.mukewang.com/533e4cde000148e602000200-200-200.jpg,http://www.imooc.com/u/200055
不得不爱你,保密 , 0分,,,这位同学很懒木有签名的说～,1,,http://img.mukewang.com/5333a28f00019e7702100210-200-200.jpg,http://www.imooc.com/u/200056
我们可以天长地久,保密 , 0分,,,这位同学很懒木有签名的说～,1,,http://img.mukewang.com/533e4cbd00011ecc01000100-200-200.jpg,http://www.imooc.com/u/200057
听云客, 男 ,25分,,30,这位同学很懒木有签名的说～,1,,http://img.mukewang.com/53a568480001b93700400040-200-200.jpg,http://www.imooc.com/u/200058
模模糊糊,保密 , 0分,,,这位同学很懒木有签名的说～,1,,http://img.mukewang.com/53339fdf00019de902200220-200-200.jpg,http://www.imooc.com/u/200059
choie,保密 ,12小时34分,,144,这位同学很懒木有签名的说～,1,,http://img.mukewang.com/images/unknow-160.png,http://www.imooc.com/u/200060
懂得你也容易,保密 , 0分,,,这位同学很懒木有签名的说～,1,,http://img.mukewang.com/533e4d2600013fe202000200-200-200.jpg,http://www.imooc.com/u/200061
海况天空,保密 , 0分,,,这位同学很懒木有签名的说～,1,,http://img.mukewang.com/533e4c420001b2e502000200-200-200.jpg,http://www.imooc.com/u/200062
GoVim, 男 , 5小时 6分,,35,这位同学很懒木有签名的说～,1,,http://img.mukewang.com/53a5690c0001d8d601800180-200-200.jpg,http://www.imooc.com/u/200063
q0621191441, 男 , 0分,,,这位同学很懒木有签名的说～,1,,http://img.mukewang.com/53a569210001115601000100-200-200.jpg,http://www.imooc.com/u/200064
凉菜减肥法,保密 , 0分,,,这位同学很懒木有签名的说～,1,,http://img.mukewang.com/5333a1bc00014e8302000200-200-200.jpg,http://www.imooc.com/u/200065
    .,女, 0分,,,这位同学很懒木有签名的说～,1,,http://img.mukewang.com/53a569550001850801000100-200-200.jpg,http://www.imooc.com/u/200066
清浅_0,女,16小时55分,,118,这位同学很懒木有签名的说～,1,,http://img.mukewang.com/53a569640001b67201800180-200-200.jpg,http://www.imooc.com/u/200067
从来都没有真正的了解,保密 , 0分,,,这位同学很懒木有签名的说～,1,,http://img.mukewang.com/5333a1660001394602000200-200-200.jpg,http://www.imooc.com/u/200068
Tiffny漏,女, 0分,,,这位同学很懒木有签名的说～,1,,http://img.mukewang.com/53a5696a000167ea01000100-200-200.jpg,http://www.imooc.com/u/200069
夏木木1992,女, 0分,,,这位同学很懒木有签名的说～,1,,http://img.mukewang.com/53a569920001c7cf01800180-200-200.jpg,http://www.imooc.com/u/200070
没认真过怎么会伤心,保密 , 0分,,,这位同学很懒木有签名的说～,1,,http://img.mukewang.com/533e4d3d0001ed7802000200-200-200.jpg,http://www.imooc.com/u/200071
q0621191644, 男 , 4分,,,这位同学很懒木有签名的说～,1,,http://img.mukewang.com/53a5699c0001115601000100-200-200.jpg,http://www.imooc.com/u/200072
q0621191705, 男 ,40分,,20,这位同学很懒木有签名的说～,1,,http://img.mukewang.com/53a569b10001115601000100-200-200.jpg,http://www.imooc.com/u/200073
杨少康,保密 , 0分,,,这位同学很懒木有签名的说～,1,,http://img.mukewang.com/533e4c5600017c5b02010200-200-200.jpg,http://www.imooc.com/u/200074
在那遥远的地方,保密 , 0分,,,这位同学很懒木有签名的说～,1,,http://img.mukewang.com/533e4c0500010c7602000200-200-200.jpg,http://www.imooc.com/u/200075
吴三妹,保密 , 0分,,,这位同学很懒木有签名的说～,1,,http://img.mukewang.com/533e4cd40001c4fb02000200-200-200.jpg,http://www.imooc.com/u/200076
你为何这么屌,保密 , 0分,,,这位同学很懒木有签名的说～,1,,http://img.mukewang.com/533e4d3200016b4e02000200-200-200.jpg,http://www.imooc.com/u/200077
历史与发展, 男 , 0分,,,这位同学很懒木有签名的说～,1,,http://img.mukewang.com/53a56a420001b53a01000100-200-200.jpg,http://www.imooc.com/u/200078
XIAOXIAO_0002,保密 , 0分,,,这位同学很懒木有签名的说～,1,,http://img.mukewang.com/533e4d850001c10602000200-200-200.jpg,http://www.imooc.com/u/200079
leo650, 男 ,59小时20分,,6261,这位同学很懒木有签名的说～,1,,http://img.mukewang.com/533e52b90001456f02000200-200-200.jpg,http://www.imooc.com/u/200080
那一束才是真的,保密 , 0分,,,这位同学很懒木有签名的说～,1,,http://img.mukewang.com/533e4c640001354402000200-200-200.jpg,http://www.imooc.com/u/200081
等待就是浪费青春_0001,保密 , 0分,,,这位同学很懒木有签名的说～,1,,http://img.mukewang.com/5333a207000118af02200220-200-200.jpg,http://www.imooc.com/u/200082
苍天之魂, 男 , 0分,,,这位同学很懒木有签名的说～,1,,http://img.mukewang.com/53a56aa700012a6d01000100-200-200.jpg,http://www.imooc.com/u/200083
不能给你啊,保密 , 0分,,,这位同学很懒木有签名的说～,1,,http://img.mukewang.com/533e4d470001a00a02000200-200-200.jpg,http://www.imooc.com/u/200084
看怎么样就怎么样,保密 , 0分,,,这位同学很懒木有签名的说～,1,,http://img.mukewang.com/5333a1a90001c8d802000200-200-200.jpg,http://www.imooc.com/u/200085
登陆无效,保密 , 0分,,,这位同学很懒木有签名的说～,1,,http://img.mukewang.com/5333a154000110c002200220-200-200.jpg,http://www.imooc.com/u/200086
手机用户2908419433,女, 0分,,,这位同学很懒木有签名的说～,1,,http://img.mukewang.com/53a56afd0001c51301800180-200-200.jpg,http://www.imooc.com/u/200087
星期天_0001,保密 , 0分,,,这位同学很懒木有签名的说～,1,,http://img.mukewang.com/5333a1d100010c2602000200-200-200.jpg,http://www.imooc.com/u/200088
碰到钉子了,保密 , 0分,,,这位同学很懒木有签名的说～,1,,http://img.mukewang.com/5333a2750001728602200220-200-200.jpg,http://www.imooc.com/u/200089
有一天我会让你知道,保密 , 0分,,,这位同学很懒木有签名的说～,1,,http://img.mukewang.com/533e4c1500010baf02200220-200-200.jpg,http://www.imooc.com/u/200090
我们都好孩子,保密 , 0分,,,这位同学很懒木有签名的说～,1,,http://img.mukewang.com/533e4d5b0001d57502200203-200-200.jpg,http://www.imooc.com/u/200091
